step_index,x,y,cost,inter,fitness,sum_nutrients
0,0.7992508776043298,0.40214083098871856,0.8005192132995884,-41.70903904195815,-40.90851982865856,-121.75278931609176
0,-0.8891270430617888,-0.47863778679373226,1.0196410296506022,-41.67608275601448,-40.65644172636388,-81.12049229594192
0,-0.5299134759983315,-0.9406844715861928,1.1656955671280291,-40.124816302514425,-38.9591207353864,-38.9591207353864
0,-0.6471107835663146,0.2053093297501425,0.4609042870902624,-43.52787325842063,-43.06696897133036,-43.06696897133036
0,-0.12603708596933771,-0.2492302068881915,0.07800104306517297,-47.408513562836816,-47.330512519771645,-141.01196669863762
0,-0.42926351362068654,-0.3042113967568198,0.2768117380427126,-45.75417767439324,-45.47736593635053,-90.0582384984506
0,0.3557684212625834,0.5619371634096589,0.44234454518856475,-44.455753333408346,-44.013408788219785,-87.38451991653437
0,-0.173748006220928,0.11047459133968654,0.04239300499741838,-47.12986949001026,-47.087476485012836,-186.64915784595337
0,0.6132243661319097,0.5555445426069223,0.6846738620382169,-42.26918898179909,-41.58451511976087,-41.58451511976087
0,0.30815284416482525,-0.4321460374408237,0.2817083730426769,-45.825616222115784,-45.54390784907311,-181.05516228873944
0,-0.558399355566249,0.0730674170761548,0.3171486877349829,-44.46293418728317,-44.14578549954818,-131.49184431944747
0,0.08517155723341796,-0.007292752624994847,0.007307378402414761,-47.949641219327596,-47.94233384092518,-47.94233384092518
0,-0.1621714097481579,0.8784390552730581,0.7979547399687278,-43.031171354205476,-42.233216614236746,-42.233216614236746
0,0.32558049157304186,-0.5719970968671007,0.43318333531733494,-44.63132832239624,-44.198144987078905,-176.19992696618496
0,-0.3821671959003414,0.9398840902065297,1.029433868645686,-41.59396633881686,-40.56453247017117,-40.56453247017117
0,0.1638964299465393,0.3420091103234182,0.1438322712934369,-46.88155246939647,-46.737720198103034,-46.737720198103034
0,0.6223674807338874,-0.4013835643835372,0.5484500468322788,-43.40960149048509,-42.86115144365281,-85.4129459739361
0,-0.380221780799053,-0.5730374913579482,0.4729405690958137,-44.16481353790543,-43.69187296880962,-86.32789852622713
0,-0.47642673387803347,0.6604806073127384,0.6632170653898942,-43.42185064738318,-42.75863358199329,-169.42913424243835
0,-0.09562873394160612,0.6542378960847646,0.4371720794286937,-44.97760504845912,-44.54043296903043,-171.81209988098493
0,-0.3528049902143431,0.5018388627053798,0.37631360524157176,-45.36344482003771,-44.987131214796136,-134.02916489462007
0,-0.677677186587713,-0.44452447901617687,0.6568483816660415,-43.15266636893694,-42.4958179872709,-84.83165179500725
0,0.09219711707483545,0.0028416839523988362,0.008508383564596236,-47.9397416763095,-47.931233292744906,-142.9093372989537
0,0.2317846939414261,0.37582279089112114,0.19496691449871192,-46.40418006066345,-46.209213146164736,-46.209213146164736
0,0.2670969758039272,-0.6788688644185616,0.5322037295605511,-43.95055012007995,-43.4183463905194,-43.4183463905194
0,-0.4992355328257428,0.14384523502550434,0.26992756887534586,-44.95952483218035,-44.689597263305004,-133.3058239272588
0,0.11990237097370823,-0.46904605499417296,0.2343807802707135,-46.205605912081865,-45.97122513181115,-91.3180497403041
0,0.6614605286449643,-0.10848320723788527,0.4492986372078936,-44.17031583398781,-43.72101719677991,-86.80146731024647
0,0.4728219904175449,-0.43434891164179923,0.4122196116668244,-44.6444300378397,-44.23221042617287,-172.95368240692937
0,-0.625578712585777,0.8834332432944609,1.1718030209982484,-40.48914100395052,-39.317337982952274,-39.317337982952274
0,0.04724379154789153,-0.15200972558572667,0.025338932512468552,-47.86639437503824,-47.84105544252577,-142.8903339654468
0,-0.7724071199859042,0.7890245957369793,1.2191725716828223,-40.04904923430485,-38.82987666262203,-38.82987666262203
0,0.6299851706755022,0.49327924589248506,0.6402057296993005,-42.51663708452953,-41.876431354830224,-122.68743271433783
0,0.655011048719067,0.5527612300028271,0.7345844513382902,-41.8896229510208,-41.155038499682504,-41.155038499682504
0,0.16068822751786604,0.04142625233295294,0.027536840845186972,-47.7650836580585,-47.737546817213314,-47.737546817213314
0,0.3430206538201146,-0.39069036142329705,0.2703021274562454,-45.88914077284686,-45.61883864539061,-45.61883864539061
0,-0.10915615129591288,-0.26497299538984753,0.08212575365160438,-47.39956010819228,-47.31743435454068,-140.17974657211954
0,0.6974998088945157,0.5050860572433529,0.7416179086295215,-41.815970202864065,-41.074352294234544,-41.074352294234544
0,-0.7310930853148072,0.6560615867021216,0.9649139049412294,-41.166294480284144,-40.20138057534292,-40.20138057534292
0,-0.530348334151884,-0.7576717788997968,0.8553358800788609,-41.31855878348484,-40.46322290340598,-80.34243446224616
0,0.4021691732309268,0.7201161644595437,0.6803073342131718,-43.01355675132043,-42.333249417107254,-126.58795714387244
0,0.10464136571317796,0.22290226392878976,0.0606352346828989,-47.53079535197041,-47.47016011728751,-141.18703545543343
0,-0.7403817794333817,-0.7153372087359515,1.059872501519083,-40.43898597421668,-39.3791134726976,-78.69037160708062
0,-0.89234248310379,-0.9266279766566694,1.6549145142746708,-37.85169152645628,-36.196777012181606,-36.196777012181606
0,0.6961282449205229,-0.5610098418242679,0.7993265759998177,-41.631827130783385,-40.832500554783564,-160.06277572481562
0,0.9181746793425001,0.09130150085966227,0.8513807058449298,-42.50825090054971,-41.65687019470478,-41.65687019470478
0,-0.9722772024281092,0.6022599578287322,1.3080400151652967,-39.50214912811291,-38.194109112947615,-38.194109112947615
0,-0.656711981503881,-0.33094638734111204,0.5407961379448871,-43.86159662313618,-43.32080048519129,-86.59418554135995
0,0.7592708511636552,0.3965618154701056,0.7337534989157275,-42.05221129688606,-41.31845779797033,-41.31845779797033
0,-0.7377626280462386,0.7735769357587579,1.1427149708796018,-40.421071531688945,-39.27835656080934,-39.27835656080934
0,0.11883427642603772,-0.4761339206576438,0.2408250956545194,-46.15187697647938,-45.91105188082486,-45.91105188082486
0,-0.6442945624003877,-0.22866435711567412,0.46740287135383163,-44.11629376264775,-43.64889089129392,-43.64889089129392
0,-0.650637018813249,-0.6773585290435731,0.8821431071182652,-41.24273947780624,-40.36059637068797,-80.30784329427073
0,-0.5861409470572277,0.8823934799294381,1.1221794632391275,-40.777310257057096,-39.65513079381797,-78.33684059059053
0,0.6969235216223019,0.23835307612353238,0.5425145838879815,-43.47123667932526,-42.92872209543728,-169.07826484411976
0,-0.8900488169013347,-0.17320827954322263,0.8221880045697889,-42.50629155243137,-41.68410354786158,-165.52699071653834
0,-0.044952697081510104,-0.2480871350197531,0.06356797153721121,-47.5679880303755,-47.50442005883829,-94.66719379620463
0,0.5102148937396289,-0.19773430448997797,0.2994180929658762,-45.23507758740455,-44.93565949443867,-44.93565949443867
0,-0.6822826533859787,-0.20606381024548592,0.5079719130042992,-43.810607792353665,-43.30263587934937,-43.30263587934937
0,-0.7183134700083909,-0.6694643198483903,0.9641567167455631,-40.96451098586751,-40.00035426912195,-40.00035426912195
0,-0.36025108564821906,0.2673824704387422,0.20127423020864532,-46.0028434821914,-45.801569251982755,-45.801569251982755
0,0.056470013994918716,0.3324746444615133,0.113728251690396,-47.12597977164684,-47.01225151995644,-186.92438364932363
0,-0.46968159529424885,-0.11026467948336104,0.2327591004997189,-45.522828829737065,-45.290069729237345,-179.9446928618368
0,0.3966055445653471,-0.6415494252037011,0.5688816229591748,-43.62714210631877,-43.0582604833596,-168.89551769232668
0,0.17172128987739632,-0.35846947721957423,0.15798856749523163,-46.85316180085532,-46.69517323336009,-46.69517323336009
0,0.8702529362324422,0.21466692910697463,0.803422063473406,-42.38634845964325,-41.582926396169846,-82.98825953805542
0,-0.6335048532511287,0.19029292194486497,0.4375397952350486,-43.671846783022076,-43.23430698778703,-86.1465603767234
0,0.36450578411428536,0.3076652090761407,0.22752234752863537,-45.84119566376939,-45.61367331624076,-45.61367331624076
0,-0.673196676679571,-0.8299159776417759,1.1419542954375235,-39.84332938624708,-38.701375090809556,-76.86230649536876
0,-0.9127206510975809,0.48427951209623044,1.067585632776155,-40.41140307978041,-39.343817447004255,-39.343817447004255
0,0.5037636120241858,-0.6331352608462059,0.6546380353264476,-42.9013544123961,-42.24671637706965,-84.42627026618565
0,0.13011502022752092,0.11859655229861618,0.03099506070592658,-47.75214347068237,-47.72114840997644,-142.8102068917995
0,-0.22615039280574048,0.33837172968140217,0.16563942761377462,-46.50987235889557,-46.344232931281795,-138.67430440233994
0,0.7387790767304546,-0.3641513410494628,0.6784007234028251,-42.57173361860092,-41.8933328951981,-83.10334820097869
0,-0.7504903482719407,0.9950533439949534,1.5533669202448779,-38.70240874170043,-37.149041821455555,-37.149041821455555
0,-0.30655289768255156,-0.2998599538212343,0.1838906709832417,-46.54869982018508,-46.36480914920184,-46.36480914920184
0,-0.6327834240211139,-0.8868604115735386,1.186936251332271,-39.71218964842119,-38.52525339708892,-38.52525339708892
0,0.6952075545982772,0.7524522736882655,1.049497968149157,-40.27397954565363,-39.22448157750448,-39.22448157750448
0,0.15163045326387925,-0.3503756358350978,0.14575488054385852,-46.95475438355393,-46.80899950301007,-46.80899950301007
0,0.05242284630014669,-0.16138619949685598,0.0287936602022478,-47.847406876650204,-47.81861321644796,-142.89200915744215
0,0.9990413948047678,0.7130284192799037,1.5064932352342542,-38.092468803774906,-36.585975568540654,-36.585975568540654
0,-0.4157656539637402,-0.4444518364141353,0.3703985139077939,-45.06240396956068,-44.69200545565288,-88.64547651882035
0,-0.9929904430727279,-0.9705350511902893,1.9279683056227097,-36.68914885966722,-34.76118055404451,-34.76118055404451
0,-0.5191423940061666,-0.14712461875913396,0.2911544786994744,-45.1459395531262,-44.85478507442672,-44.85478507442672
0,-0.1469767815758427,0.0618976485464553,0.025433493217973474,-47.331547610597696,-47.30611411737972,-47.30611411737972
0,-0.4844477840481507,-0.6356726012510276,0.6387693114504116,-42.77566033876512,-42.13689102731471,-42.13689102731471
0,0.566754468525016,0.42197832887980413,0.4992763376372655,-43.546596982285095,-43.04732064464783,-85.36245144136326
0,-0.6662562069629079,-0.8779340547855514,1.2146655378688007,-39.55801612980992,-38.34335059194112,-38.34335059194112
0,-0.08866070122026826,0.7568897418338916,0.5807428012342447,-44.16804218451841,-43.58729938328417,-43.58729938328417
0,0.23105699185825723,0.2800480158284637,0.13181422465604622,-46.86716920776995,-46.7353549831139,-46.7353549831139
0,-0.17243579303296747,-0.06806937591529344,0.034367542656405924,-47.38230698145456,-47.34793943879816,-141.30854660030136
0,-0.9509655059181821,0.5404081044710789,1.1963763128242484,-39.91739070406343,-38.72101439123918,-38.72101439123918
0,0.6407869124557011,0.9692691673391338,1.3500905859288082,-39.510200055756094,-38.16010946982728,-38.16010946982728
0,-0.7155104751492727,0.1797005329759935,0.5442475216001941,-42.95053121696867,-42.40628369536848,-84.19357324120827
0,-0.051387786361462684,-0.16178133064454614,0.028813903532251293,-47.76117986432183,-47.73236596078958,-47.73236596078958
0,0.45203000051008413,0.0986363023433865,0.2140602415011226,-45.72226831831898,-45.50820807681786,-45.50820807681786
0,0.19222533275203713,0.7509059205651016,0.6008102800913542,-43.945921186755314,-43.34511090666396,-43.34511090666396
0,-0.14233675188572237,0.18227329718266483,0.05348330580321774,-47.15557538669454,-47.10209208089132,-47.10209208089132
0,-0.7724943350433827,0.16917847057571817,0.6253688525804572,-42.546072631029745,-41.92070377844929,-164.3300876984207
0,0.01883230250681578,0.3743994698492401,0.14052961864110028,-46.91497703296381,-46.77444741432271,-46.77444741432271
0,0.8193092128582544,-0.06886849932906025,0.6760104564742492,-43.207146508808826,-42.531136052334574,-42.531136052334574
0,0.8611223256902885,0.5362098583290893,1.0290526719715531,-40.27426057786067,-39.24520790588912,-39.24520790588912
0,1,0.3438337401992789,1.1182216408994252,-40.81738605032171,-39.69916440942228,-79.18403744495379
0,-0.7796545058494517,0.5316415341938383,0.890503869371331,-41.28184108944632,-40.39133722007499,-40.39133722007499
0,0.8778224336836502,0.8567861575887612,1.504654744914,-38.08004897892258,-36.57539423400858,-36.57539423400858
0,0.27996954594351886,-0.45914746766225345,0.2891993437164802,-45.771051417342015,-45.48185207362553,-90.63362810040239
0,-0.11220976626349803,0.5936318285494915,0.36498977951192174,-45.418555366714436,-45.05356558720251,-89.19066265949078
0,0.9932285566293506,-0.05483119299937056,0.9895094254297574,-42.07049406180261,-41.080984636372854,-41.080984636372854
0,0.8052331505341734,0.10707337582528925,0.6598651345298144,-43.204852932876044,-42.54498779834623,-125.95083211228749
0,-0.6688032971842197,0.5129661642074417,0.7104321359461797,-42.5225817530405,-41.81214961709432,-41.81214961709432
0,0.049837562058231866,0.16972669765424953,0.03129093448852514,-47.711395253038994,-47.68010431855047,-47.68010431855047
0,-0.23303989378014495,0.06995571414640961,0.059201394034795414,-46.8834075351301,-46.8242061410953,-93.62901326708999
0,0.7292814612203271,0.7613157567974871,1.111453131227786,-39.90623722600437,-38.79478409477659,-38.79478409477659
0,-0.19676470816041045,0.530955005862409,0.3206295686278022,-45.70376688061822,-45.38313731199042,-90.55881481704205
0,-0.3544297773462015,-0.1811144912804863,0.15842292602146732,-46.46047659822658,-46.30205367220511,-46.30205367220511
0,-0.25308915200853965,0.1541708646929516,0.08782277438457409,-46.671810065014654,-46.58398729063008,-46.58398729063008
0,0.007570959950728762,-0.8561364209840896,0.7330268907700218,-43.086727695669325,-42.353700804899304,-42.353700804899304
0,0.07523775009555582,-0.20351845987087855,0.047080482547655705,-47.73092405109602,-47.68384356854836,-187.77618343037506
0,0.19610362021793887,0.05686086192800853,0.04168978748177765,-47.60970634066983,-47.56801655318805,-141.41569471068436
0,0.04769497972746217,0.40959474060994827,0.17004266262653384,-46.72603384952296,-46.55599118689643,-46.55599118689643
0,-0.3435571614241244,0.23174097637876656,0.17173540329878592,-46.12026337876539,-45.948527975466604,-45.948527975466604
0,0.6473599378142885,0.8147553646097532,1.0829011932472912,-40.366374025601864,-39.283472832354576,-39.283472832354576
0,-0.39607174737061357,0.2638746527383803,0.22650266142301193,-45.77519467503052,-45.54869201360751,-90.43451538403713
0,-0.22950488416053608,-0.027206943562880885,0.053412709631574865,-47.04930009541624,-46.99588738578467,-140.24288899814317
0,-0.9924114745268484,0.37735787234980006,1.1272794985969217,-40.50031176955669,-39.37303227095977,-117.72478514009832
0,0.4820679542985806,-0.2557831138680571,0.29781451390165786,-45.35913067812924,-45.061316164227584,-45.061316164227584
0,-0.5173015185100749,-0.7816964732134024,0.878650237287101,-41.22780175967475,-40.34915152238764,-40.34915152238764
0,0.10263318107282915,-0.8947342919907326,0.8110830231212858,-42.640995094741655,-41.82991207162037,-41.82991207162037
0,0.9808727048207986,-0.8989834999454958,1.7702825962367226,-37.22972298017497,-35.459440383938244,-35.459440383938244
0,0.8224196119953538,0.767157057424051,1.2649039689501171,-39.046588698423044,-37.78168472947293,-75.48440690999782
0,0.050518344205295884,-0.5996783202272404,0.3621661908518095,-45.21743644840678,-44.85527025755497,-44.85527025755497
0,0.22663652276760904,-0.5414096200789007,0.3444884901661726,-45.318250871225466,-44.973762381059295,-44.973762381059295
0,-0.35901643339369294,-0.03428579753709671,0.13006831535948274,-46.26194524134312,-46.13187692598364,-46.13187692598364
0,-0.7123766197596266,0.2847384174889829,0.5885564147742819,-42.77925068586703,-42.190694271092745,-42.190694271092745
0,0.2520893156912334,0.35853115279080905,0.19209361060718078,-46.38259680324427,-46.19050319263709,-46.19050319263709
0,-0.09760780001153502,0.46778270046045795,0.22834793747317034,-46.27565967393661,-46.04731173646344,-136.79914951390123
0,0.9722169857980308,0.7487792928829913,1.505876296924561,-38.025200347147035,-36.51932405022247,-72.75588484287663
0,-0.1587623477073965,0.12540927636277188,0.04093296964739836,-47.1780349788943,-47.1371020092469,-47.1371020092469
0,-0.4907450432584586,0.26317719153277175,0.31009293162582363,-45.024658122834154,-44.71456519120833,-177.60185872087558
0,0.3158985719083309,-0.4643818424289196,0.31544240331140083,-45.5540501033054,-45.238607699994,-175.72377495184426
0,0.26418025084048996,-0.2938598749215242,0.15614483102303806,-46.81717608577855,-46.661031254755514,-92.44193724737893
0,-0.223713183137059,-0.8613742018069752,0.792013103847919,-42.68953455118535,-41.89752144733743,-124.2447341553202
0,0.5128823135162138,0.45430018909341974,0.4694369293280608,-43.838181270726984,-43.36874434139892,-171.55123900618955
0,0.510392254158823,0.7931372070394265,0.8895668822956267,-41.6919907065201,-40.802423824224476,-40.802423824224476
0,-0.028469376343407404,-0.38529280113150177,0.14926104799314155,-46.91445529232145,-46.765194244328306,-46.765194244328306
0,-0.8342515651583,-0.09017069899215938,0.704106428925808,-42.7177228857772,-42.013616456851395,-83.41344423702448
0,-0.352677635501806,-0.9369447883118998,1.0022470509279753,-41.44023275038977,-40.43798569946179,-40.43798569946179
0,-0.2476791625014888,-0.8227443702714867,0.7382532663508642,-42.861634547388206,-42.12338128103734,-125.13502613476446
0,-0.11419794848973974,-0.6157568412956831,0.3921976590417023,-45.04414817807371,-44.65195051903201,-44.65195051903201
0,-0.8669530394226739,-0.31287653500624546,0.8494992987217267,-42.504672143607294,-41.65517284488557,-41.65517284488557
0,-0.6713359991011456,-0.7401700759330478,0.9985437649958673,-40.56059710254312,-39.562053337547255,-39.562053337547255
0,-0.7334190753672865,0.5050795246132855,0.7930088662961879,-41.85591541288837,-41.06290654659218,-161.679917496481
0,-0.8953363557845071,-0.2591134470020261,0.8687669684067533,-42.43282687011114,-41.56405990170439,-82.7097106510671
0,-0.2889814842905336,-0.053493683804327175,0.08637187246971725,-46.750631862863784,-46.664259990394065,-46.664259990394065
0,-0.0746729533152668,-0.34756163931176043,0.12637514307790226,-47.09438073649056,-46.968005593412656,-46.968005593412656
0,-0.9151053654411367,-0.9974922911176956,1.832408700698386,-37.052556896532806,-35.22014819583442,-35.22014819583442
0,0.9234109813433768,0.16438772520690784,0.87971116466424,-42.253432420429846,-41.3737212557656,-82.50218616720632
0,-0.5627135737845417,-0.6311833067885622,0.7150389328899149,-42.2467920839253,-41.53175315103538,-41.53175315103538
0,-0.254336481144936,0.19447234647870273,0.10250653918612099,-46.62458028370857,-46.522073744522444,-139.36604463978438
0,-0.7334840762831532,0.43265838381620014,0.7251921672473969,-42.13585843925033,-41.41066627200293,-41.41066627200293
0,0.024257418455351676,-0.7753979739170427,0.6018304403047728,-43.724315382851174,-43.1224849425464,-43.1224849425464
0,-0.6952191852152421,-0.7694364090503465,1.0753621030636373,-40.189233126321405,-39.113871023257765,-153.69969066112768
0,-0.2707283359138478,0.8110880849766743,0.7311577134578101,-43.20462872649763,-42.47347101303982,-84.84500923934951
0,-0.7149977033603092,0.10979443579335868,0.5232765339416986,-43.07049091045342,-42.547214376511725,-42.547214376511725
0,0.48129546629627806,0.7637156530899223,0.8149069246519183,-42.11748391201496,-41.30257698736304,-41.30257698736304
0,-0.3782054264575759,-0.7270416788895706,0.6716289474445223,-42.75678543805796,-42.085156490613436,-84.05938451304206
0,-0.5185730531912427,0.6866749159378995,0.7404404516744088,-42.87948379206487,-42.13904334039046,-42.13904334039046
0,-0.013179718070675639,0.9875396732802819,0.9754083112709484,-42.465481617606535,-41.49007330633559,-41.49007330633559
0,0.5973986606025266,-0.5995269271113153,0.716317696021229,-42.300685352476684,-41.584367656455456,-41.584367656455456
0,-0.5338420681868807,0.0753828947876811,0.2906699345926168,-44.68437849778839,-44.39370856319577,-88.34872773573467
0,0.7215525911351737,-0.46264308341231697,0.7346767644031392,-42.075747234535456,-41.341070470132316,-41.341070470132316
0,-0.9239310756023434,-0.905351384791917,1.673309762408345,-37.83284445086483,-36.15953468845649,-71.89494447247682
0,-0.7641134517463748,0.24895394632041115,0.6458474345282657,-42.41238214464804,-41.76653471011978,-165.47869001565977
0,-0.18873195437279308,-0.641700673704677,0.4473995052344104,-44.61422623588262,-44.16682673064821,-130.48685589591892
0,0.06111830279487003,-0.886873316801575,0.7902797269911522,-42.777936807254584,-41.98765708026343,-166.7817245048403
0,0.5717202674759654,0.11066291551154682,0.33911034511230514,-44.77482423390992,-44.435713888797615,-88.75322861135496
0,0.1684608361135902,-0.8000430383395507,0.6684479164996696,-43.231288371199916,-42.56284045470024,-42.56284045470024
0,-0.09316357395506492,0.43491566802320336,0.1978310898041501,-46.4646580059444,-46.26682691614025,-46.26682691614025
0,-0.0704275603753547,0.1338147648688786,0.0228664325573375,-47.530691651836875,-47.50782521927954,-94.7074829525142
0,0.5044470119802746,-0.0018686714399926974,0.25447027982877796,-45.3901448014811,-45.13567452165232,-45.13567452165232
0,0.9461521153536956,-0.24093407724178006,0.953253054964621,-41.85001890522577,-40.89676585026115,-40.89676585026115
0,0.47331091785965174,-0.13857357188242525,0.24322585978939967,-45.62149168987025,-45.37826583008085,-45.37826583008085
0,0.5565273186692634,-0.07243635858598929,0.31496968247039786,-44.981157032821265,-44.66618735035087,-44.66618735035087
0,0.8654272995210255,0.6050642706568867,1.115067182381805,-39.742133611728924,-38.62706642934712,-38.62706642934712
0,0.4976005630258251,-0.12135448066452725,0.2623332303009753,-45.42964162190738,-45.167308391606404,-45.167308391606404
0,-0.28621059681481653,-0.8054709553618364,0.730699965660603,-42.7745815058533,-42.04388154019269,-42.04388154019269
0,-0.9195846869673949,-0.1930504981389114,0.8829044913366035,-42.353823996928774,-41.47091950559217,-41.47091950559217
0,-0.3307024415566384,-0.8221786209718085,0.7853417896346265,-42.3611400521956,-41.57579826256097,-41.57579826256097
0,-0.18549459626787956,0.1972167753656071,0.07330270173019199,-46.9434468105228,-46.87014410879261,-46.87014410879261
0,0.1567372937265803,0.45742123867734996,0.23380076883785345,-46.238527561823254,-46.0047267929854,-46.0047267929854
0,-0.20368893965510404,0.5424777537639551,0.33577129746660694,-45.611483320502025,-45.27571202303542,-45.27571202303542
0,1,-0.29141741666714943,1.084924110736955,-41.23342059094858,-40.14849648021163,-158.00721516942974
0,-0.6010597037386706,0.008803072918879412,0.3613502615512335,-44.16334569266402,-43.80199543111279,-170.6742906942873
0,0.5637015370243732,-0.4881877165662964,0.5560866694498553,-43.4303804603368,-42.874293790886945,-125.41111384592747
0,-0.5108489322478376,-0.009198540423746682,0.261051244724683,-44.997006768182416,-44.73595552345773,-44.73595552345773
0,0.056823968309556785,-0.01813292374529942,0.0035577662979983573,-47.96386273629852,-47.96030497000052,-95.91910233122756
0,-0.9424997301071629,0.18101932840408552,0.9210737385079412,-41.65102573812911,-40.729951999621164,-40.729951999621164
0,0.5434116288146627,0.15379143538552276,0.3189480039289441,-44.902570344047675,-44.58362234011873,-44.58362234011873
0,0.9151006058220099,0.8564311213222275,1.5708833843450576,-37.77589060496931,-36.20500722062425,-36.20500722062425
0,-0.8956402775935803,0.04025463920147154,0.8037919428251462,-42.23473431632904,-41.430942373503896,-41.430942373503896
0,0.7987575472771515,0.3498116394599933,0.7603818024338993,-42.07688280731907,-41.316501004885176,-41.316501004885176
0,0.6259543877694236,-0.13689091789797025,0.41055801897074273,-44.38395822963117,-43.97340021066043,-43.97340021066043
0,0.5098201116776808,-0.1609032257735683,0.28580639433538285,-45.29089163948731,-45.00508524515193,-45.00508524515193
0,0.26549186096497324,-0.863262583052729,0.8157082155375144,-42.43117338491542,-41.615465169377906,-41.615465169377906
0,-0.3441241918587671,-0.9136422071464421,0.9531635421018717,-41.647484522188144,-40.694320980086275,-80.57561875086121
0,0.35528246655963197,0.9233774369407383,0.9788515220959431,-41.89901987407918,-40.920168351983236,-81.04362145436804
0,-0.9111413960924883,0.40989899141920527,0.9981958268398504,-40.76558727233438,-39.76739144549453,-39.76739144549453
0,-0.7811065382001648,-0.19778228937222142,0.6492452580083627,-43.115805653553316,-42.46656039554495,-84.92014985543364
0,-0.055689013273147014,0.8297184365314453,0.6915339501195227,-43.64087705380446,-42.94934310368494,-128.2427980318064
0,-0.9450344059807375,0.5497387925306759,1.195302768500451,-39.912804129586654,-38.7175013610862,-77.28466471451853
0,-0.479669005037209,0.060721500714386645,0.2337694550423933,-45.17863269245025,-44.94486323740786,-44.94486323740786
0,-0.2334929788797755,-0.6373506763709111,0.46073485585660917,-44.46254121147157,-44.00180635561496,-44.00180635561496
0,-0.7828301570334559,0.979615064719884,1.5724687297871678,-38.58485582815559,-37.01238709836842,-37.01238709836842
0,-0.9259473890377206,-0.01917262673361253,0.8577461568816382,-42.2222405356031,-41.36449437872146,-41.36449437872146
0,-0.8070861596287024,0.18198378882419666,0.6845061684590171,-42.293299943500045,-41.60879377504103,-82.86108620519025
0,-0.977642738606852,0.8394665212899182,1.6604893647173022,-38.13281561587078,-36.47232625115348,-36.47232625115348
0,-0.670285608629545,-0.5611324999372994,0.7641524796217629,-42.246456326106404,-41.48230384648464,-81.95434656974437
0,0.7045163374308013,0.5359719258694405,0.7836091750271078,-41.54121395420972,-40.75760477918261,-160.79048582959132
0,0.6276646957992222,-0.5316466437663876,0.6766111241807944,-42.490260010913175,-41.81364888673238,-83.22075826644128
0,-0.20110899454470083,0.5960207417044359,0.39568555222868634,-45.23323372769727,-44.837548175468584,-89.04520068369501
0,0.9137408884042926,-0.546219159153946,1.1332777809687098,-40.11518822603187,-38.98191044506316,-38.98191044506316
0,0.7421987304560984,0.2714650856427665,0.6245522482136788,-42.970871828314365,-42.34631958010068,-166.85390848120426
0,-0.42747314734453234,0.10137250846122758,0.19300967717236192,-45.579479697522345,-45.38647002034998,-45.38647002034998
0,0.1113270880837418,-0.037341209152367244,0.01378808644216604,-47.91583232637629,-47.90204423993412,-143.39801998294675
0,-0.6575448490990307,-0.4197525278670855,0.6085574132274754,-43.44941410573133,-42.840856692503856,-85.1465659509712
0,-0.49215231959917227,-0.4920398217510902,0.4843170918756904,-44.11218945338956,-43.62787236151387,-86.45067609308686
0,-0.21922062684706578,-0.39417541870698414,0.2034319439480467,-46.47102216740906,-46.26759022346101,-46.26759022346101
0,-0.09376913002109855,0.7848589216516171,0.6247961766410529,-43.93637037855202,-43.311574201910965,-43.311574201910965
0,-0.5749496516194297,0.722723513355763,0.8528963786546013,-42.12976451156141,-41.27686813290681,-41.27686813290681
0,0.8635364589910155,0.664947305594684,1.1878501352243718,-39.344966577639596,-38.15711644241522,-75.39819322515876
0,0.4158046628056029,0.8461878683135644,0.8889274260919353,-42.0484958472024,-41.15956842111047,-41.15956842111047
0,0.039631894205827356,0.0466265121514875,0.0037447186737547032,-47.91802582639657,-47.914281107722815,-47.914281107722815
0,0.6505376029783039,0.22461629029593388,0.47365165075506455,-43.87583813711324,-43.402186486358175,-43.402186486358175
0,0.5711114295964952,-0.9704384205702572,1.2679189931346477,-39.958733159075166,-38.690814165940516,-38.690814165940516
0,-0.5638859403167993,-0.8970984463546265,1.1227529761388457,-40.123186579829046,-39.0004336036902,-39.0004336036902
0,-0.4077809776648164,0.08215523527552174,0.17303480842844982,-45.74594430133441,-45.572909492905964,-90.25803685880219
0,0.12018234391035443,0.6177984330216792,0.396118699631829,-45.19281737755703,-44.7966986779252,-44.7966986779252
0,0.4706408182941889,0.5289551411760886,0.5012963212212396,-43.75304012008698,-43.25174379886574,-86.44483483598218
0,0.27865946843316647,0.08022735235813161,0.0840875274138507,-47.106014311115864,-47.021926783702014,-47.021926783702014
0,0.4989759271074314,-0.370729177363254,0.3864170987811557,-44.77029138840214,-44.383874289620984,-88.32472514607608
0,0.42436686717756156,0.8346317882173435,0.8766974598609787,-42.06787413613414,-41.19117667627316,-41.19117667627316
0,-0.483737490524909,-0.1486460442607349,0.2560976062137008,-45.453283931212525,-45.197186324998825,-45.197186324998825
0,-0.5535981470245366,0.6533331306276613,0.7333150879647412,-42.85011945319128,-42.11680436522654,-83.9331066632889
0,-0.2873037561811843,0.24864546460306441,0.14436801538349117,-46.4104881292517,-46.26612011386821,-92.35107040046185
0,0.9452261366690073,-0.33204515809492396,1.0037064364565,-41.35430969792206,-40.350603261465565,-80.44868158599856
0,0.5250153025859542,-0.8806626767633173,1.0512078181933522,-40.930903174484904,-39.87969535629155,-117.87069160703562
0,-0.8696776303814302,0.8935183294661027,1.5547141858777542,-38.59563318650484,-37.040919000627085,-72.98464899941014
0,0.3816059572916839,-0.9556305838413075,1.0588529194133809,-41.25751307121796,-40.198660151804575,-40.198660151804575
0,0.8968187451619123,0.19331200142739857,0.8416533915696535,-42.31078508870661,-41.46913169713696,-41.46913169713696
0,-0.7090097258625501,0.15086591263439408,0.5254553149626969,-43.0503860039611,-42.5249306889984,-42.5249306889984
0,-0.9172837402042067,0.1511808672731474,0.8642651146724796,-41.856048613797306,-40.99178349912483,-40.99178349912483
0,-0.5775920711235316,-0.2647718818363154,0.40371675003591456,-44.64784092746014,-44.244124177424226,-131.31625945549655
0,-0.8015981009533246,0.4114333754741466,0.8118369379060265,-41.55819730398571,-40.74636036607968,-80.7747864855472
0,-0.6222852298964983,-0.6641983112499928,0.8283983040146801,-41.5344766869352,-40.70607838292052,-80.17842091118773
0,0.21882319855650167,-0.9340374713887467,0.920309590184782,-42.052117914454826,-41.13180832427005,-41.13180832427005
0,0.5679265711869006,-0.2956041862604555,0.4099224251948157,-44.45445885875856,-44.04453643356374,-44.04453643356374
0,0.05018582520151672,-0.5876963868084362,0.3479056601188482,-45.3222189568008,-44.974313296681956,-177.00074083565255
0,-0.4303220348682608,-0.25442619946007605,0.24990974466485907,-45.867898085653565,-45.6179883409887,-45.6179883409887
0,0.31281802980372037,0.4008709824223584,0.25855266431854806,-45.766441407108786,-45.507888742790236,-135.6567885630245
0,0.8746239417714656,0.6219518888694959,1.15179119158819,-39.55801763655596,-38.40622644496777,-114.26718537106488
0,-0.694528846507722,0.35216733035033126,0.6063921471974261,-42.7994444578954,-42.19305231069797,-125.22430425951032
0,0.7877445206025493,0.9408945039402321,1.5058238972842757,-38.38613033710041,-36.88030643981614,-36.88030643981614
0,0.6042013617874793,-0.30706946341371344,0.45935094094703033,-44.07158064744935,-43.61222970650232,-43.61222970650232
0,0.23730409956547213,0.06388871938117974,0.060395004134746647,-47.38758866701359,-47.32719366287884,-94.36427813356511
0,-0.5842319427425485,-0.001148525418224966,0.34132828203136883,-44.32823169801001,-43.98690341597864,-130.00625074348255
0,-0.7185331007164009,0.3996324638765452,0.6759959230091637,-42.40630633192807,-41.73031040891891,-160.57844719851113
0,0.354285880984526,-0.14179824382138273,0.14562522741581005,-46.59366861660085,-46.44804338918504,-183.15312775827317
0,0.5987144234315052,0.03303636907074714,0.3595503625062983,-44.668305528866554,-44.30875516636026,-44.30875516636026
0,0.7446599749246232,0.5020036790446918,0.8065261720291463,-41.423422037141926,-40.61689586511278,-80.01631855445515
0,-0.3470016980735182,-0.47339636491979165,0.34451429678517764,-45.27848036048175,-44.93396606369657,-44.93396606369657
0,-0.7074938403347333,-0.5929220539467787,0.8521040961680557,-41.74169246987333,-40.88958837370527,-81.61618945342151
0,0.28562359699810563,0.09420684736715557,0.0904557692529948,-47.03879869737167,-46.94834292811867,-140.5631158208979
0,0.16919163603852527,0.8410131697740286,0.735928961438752,-43.35260079641361,-42.61667183497486,-42.61667183497486
0,0.4661075509675317,-0.7528396378774491,0.7840237694283989,-42.264063209902915,-41.48003944047451,-121.85603364277594
0,-0.35666284227272166,-1,1.1272083830580564,-41.00193306363943,-39.87472468058137,-79.23812411377202
0,-0.8192538890735996,-0.4745652310852848,0.8963890933172476,-42.09765061793027,-41.201261524613024,-41.201261524613024
0,-0.04713709182911117,0.5702572762857963,0.327415266583001,-45.66152738513446,-45.33411211855146,-89.95065889930783
0,-0.6105774178431083,-0.7421088933866469,0.9235303928235112,-40.89670177159607,-39.97317137877256,-39.97317137877256
0,0.7208172516706735,-0.702814657137584,1.0135259525934828,-40.50334473378152,-39.489818781188035,-39.489818781188035
0,-0.07653626533728296,0.08972149370341162,0.013907746344150311,-47.58513175656264,-47.57122401021849,-189.12488782955086
0,-0.9994765557003147,0.9226277848682555,1.850195414805468,-37.28433465576782,-35.43413924096235,-70.78610809587192
0,0.45506181039027904,-0.8979887413780716,1.0134650309174515,-41.272381026139605,-40.258915995222154,-40.258915995222154
0,-0.16301447152359413,0.709599682793292,0.5301054277464573,-44.408817455218085,-43.87871202747163,-172.03946117434498
0,0.3450033619386948,-0.23217862287199095,0.17293423266773625,-46.52126517718786,-46.34833094452012,-138.43705078450228
0,0.7736920207862753,-0.026840325750000213,0.5993197461147164,-43.5301305909584,-42.930810844843684,-127.75077256851364
0,0.9508536636871934,-0.6416934938798557,1.3158932298350947,-39.26451652921249,-37.948623299377395,-37.948623299377395
0,0.18163584350874407,0.6893394859055932,0.5081805064757206,-44.456830532838424,-43.94865002636271,-130.75169125414456
0,-0.3491636067457047,-0.3611590630068664,0.2523510930676668,-46.038723412833,-45.786372319765334,-45.786372319765334
0,-0.818266195722307,-0.04201423230012913,0.671324762777626,-42.72411687602848,-42.05279211325086,-42.05279211325086
0,0.3201781579304748,0.6123226532353221,0.47745308448089663,-44.34323517447679,-43.86578208999589,-87.38431077170897
0,0.6037136226041935,-0.6940645999413979,0.8461958070096913,-41.57751127626768,-40.731315469257986,-40.731315469257986
0,-0.23999532461882844,0.525170919541204,0.33340225057065054,-45.63494082560155,-45.3015385750309,-45.3015385750309
0,0.5029746073538883,-0.060027714114031516,0.256586782104554,-45.40896350929688,-45.152376727192326,-45.152376727192326
0,0.40466846916340476,0.23424912259537295,0.21862922137175553,-45.796726310029186,-45.57809708865743,-90.43600986016096
0,-0.48443860552428375,-0.7691648962825419,0.8262954001956461,-41.57744540091317,-40.75115000071752,-40.75115000071752
0,0.02662265216569251,-0.42054820923495184,0.17756956189906029,-46.679871250202496,-46.50230168830343,-92.62750077106111
0,0.8417010124097191,0.5258621964247956,0.9849916439202564,-40.487541023914005,-39.50254937999375,-39.50254937999375
0,-0.031368641860270774,-0.9498356033520514,0.9031716650873135,-42.3853879851866,-41.48221632009928,-41.48221632009928
0,-0.5513986454970672,-0.04319734723160029,0.3059064770638478,-44.69290784458694,-44.38700136752309,-44.38700136752309
0,-0.06165468698212399,-0.1824848205578556,0.03710201016089645,-47.70825497497891,-47.67115296481801,-95.13626231873454
0,0.19020495327665984,0.6724892742807526,0.48841974827362955,-44.55538233402708,-44.06696258575345,-87.26556438512094
0,0.512550062198778,0.13121863298652497,0.2799258959028235,-45.18736125805744,-44.90743536215462,-89.17564697843072
0,0.5155780421806132,-0.745585959309766,0.8217191402986581,-41.95357130272877,-41.13185216243011,-82.2069950655748
0,0.12505528179633862,-0.6426297569351604,0.42861182800370506,-44.706617193742815,-44.27800536573911,-44.27800536573911
0,-0.30913246454768345,0.9049408118417829,0.9144807535741899,-42.24861334764348,-41.33413259406929,-82.39347501274398
0,0.8587154899313412,0.6511955670406349,1.1614479591813973,-39.47234095440722,-38.31089299522583,-38.31089299522583
0,-0.289816516629557,0.5043687413771394,0.33838144058965003,-45.61005323636831,-45.27167179577866,-45.27167179577866
0,0.41250513760292695,0.7547243482702973,0.7397693304208348,-42.69818683434888,-41.95841750392805,-165.42988217580344
0,-0.025602654695638688,-0.1615563519454504,0.026755950781386345,-47.80411780292888,-47.77736185214749,-95.47345269078619
0,0.13426487629215106,0.6853123095453758,0.48768001862016364,-44.635066137792215,-44.147386119172054,-131.42035441243704
0,-0.24395222815681583,0.14278139488598351,0.07989921634826229,-46.732098530255655,-46.652199313907396,-46.652199313907396
0,0.390581334076278,0.4519263210785952,0.3567911782124386,-44.89339788163015,-44.53660670341771,-87.89817056649034
0,-0.6649813608189972,0.8937816292973986,1.2410458111061977,-40.12570446562992,-38.884658654523726,-115.89109566478652
0,-0.6704611127243932,0.7894435297740757,1.0727391903777836,-40.85308808413709,-39.78034889375931,-117.41342885894392
0,-0.7374145153034048,0.03644121334279804,0.5451081294100508,-43.042255912363245,-42.49714778295319,-42.49714778295319
0,-0.1534978205780564,0.2956976289523958,0.11099866869028195,-46.86605422077209,-46.755055552081814,-46.755055552081814
0,0.2555547076420186,0.6358028163720153,0.46955342990458426,-44.54346451629404,-44.07391108638945,-44.07391108638945
0,0.4501946840002511,0.1671863292141993,0.23062652217820456,-45.61098556235768,-45.38035904017948,-45.38035904017948
0,-0.2659979464718023,0.07443908454670867,0.07629608483536784,-46.692649187961045,-46.616353103125675,-46.616353103125675
0,-0.43496226422935813,0.8206766491209979,0.8627023337159995,-42.292416424881736,-41.429714091165735,-122.27611874221478
0,0.09432867901549824,0.027462864240166997,0.00965210859708274,-47.92480759700179,-47.91515548840471,-143.70811980855748
0,-0.5286230354693944,0.7335166096370016,0.8174889302422379,-42.41124387345124,-41.59375494320901,-41.59375494320901
0,0.8429197917874581,0.20836547205278066,0.7539299453307899,-42.59568330685422,-41.84175336152343,-123.25436424974981
0,-0.12179751550870814,-0.7554909409393507,0.5856011966255193,-43.845370761215214,-43.259769564589696,-86.40004088353487
0,-0.6433667415562043,-0.6085562578980486,0.7842614831675241,-41.95064549138338,-41.16638400821586,-41.16638400821586
0,0.8850216471448751,0.059517965942937456,0.7868057041850124,-42.786929121033594,-42.00012341684858,-42.00012341684858
0,-0.00029673385654993556,-0.9650207259626167,0.9312650895883974,-42.25209431141036,-41.32082922182196,-82.41085249317999
0,-0.09758227288216892,-0.39420727153741497,0.1649216729138233,-46.78749438938783,-46.62257271647401,-46.62257271647401
0,0.844115898041975,-0.884436398972148,1.4947593931540304,-38.433346383905395,-36.93858699075136,-36.93858699075136
0,-0.9622548559254207,0.6700943041387015,1.3749607841911828,-39.25112975202018,-37.876168967828995,-37.876168967828995
0,0.36812246554775885,-0.08237556606257668,0.14229988352509082,-46.515622297558544,-46.37332241403345,-46.37332241403345
0,-0.4570699547073557,-0.6188278719464503,0.5918608785939564,-43.150604155376215,-42.55874327678226,-167.12249291311753
0,0.9658240250079411,-0.5380866374659268,1.2223532767019276,-39.859285627378995,-38.636932350677064,-38.636932350677064
0,-0.727781084338041,-0.11994147833829527,0.5440512649462306,-43.38643352437279,-42.84238225942656,-42.84238225942656
0,0.6630205658288912,-0.53841531608676,0.7294873233088688,-42.098333609688616,-41.36884628637975,-41.36884628637975
0,0.850841731979922,-0.17683993672579268,0.7552040160997757,-42.73273947628324,-41.97753546018347,-41.97753546018347
0,0.6841853126157241,-0.45114552056838286,0.6716418227279933,-42.495255062262224,-41.82361323953423,-124.32326034913098
0,-0.011759582133779825,0.07273773390846176,0.005429065706099302,-47.80736772834896,-47.80193866264286,-142.26911267839554
0,0.1835563203562156,-0.14501577890959005,0.05472249887546876,-47.60641122952464,-47.55168873064917,-47.55168873064917
0,0.7460115974841486,-0.20924575292142733,0.6003170886965064,-43.3031499863595,-42.702832897662994,-42.702832897662994
0,0.20125086258211788,-0.07118854647930961,0.04556971883988332,-47.61251231561145,-47.56694259677156,-47.56694259677156
0,0.5819255596043853,0.9069589721959335,1.161211934167581,-40.39490134708921,-39.23368941292163,-39.23368941292163
0,-0.5029075617471923,0.9533291759048956,1.1617525332940135,-40.76993746985188,-39.60818493655787,-39.60818493655787
0,0.22588909196731555,0.9666442546082632,0.9854269968369831,-42.22589559219836,-41.24046859536138,-41.24046859536138
0,-0.37711987575595896,0.1663619674899787,0.16989570491732667,-45.926027838838344,-45.756132133921014,-90.73301042547607
0,0.8186761766953748,-0.646778686138729,1.0885533511318972,-40.08814491509142,-38.99959156395952,-154.43389346567938
0,-0.3165873285413585,-0.8391036809255983,0.8043225239358422,-42.334912245385055,-41.53058972144921,-41.53058972144921
0,-0.6866148557931695,0.38835809523118314,0.6222619703274677,-42.78464472368896,-42.1623827533615,-42.1623827533615
0,0.2965959967439038,-0.40866775705172165,0.2549785209381948,-46.042518238542854,-45.78753971760466,-45.78753971760466
0,-0.18176025211894803,0.4528442653562063,0.23810471791634574,-46.19342535773861,-45.95532063982227,-91.81720057064314
0,0.3524090441176402,0.2266464591448083,0.17556075181878814,-46.23786935462675,-46.06230860280797,-46.06230860280797
0,0.28488085066558044,-0.5065981742708936,0.33779880925054745,-45.37790277057089,-45.04010396132034,-45.04010396132034
0,-0.11988406571939247,-0.30114446287249974,0.10506017673217799,-47.23894548795815,-47.13388531122597,-47.13388531122597
0,0.15271131363573942,-0.6803586271875253,0.48620860690084716,-44.302689176944796,-43.81648057004395,-43.81648057004395
0,-0.5142408504219593,0.9176827496431617,1.1065852812353336,-40.98227368754313,-39.875688406307795,-39.875688406307795
0,-0.4796312434657358,0.6876257626206503,0.702875319128119,-43.168529341580935,-42.46565402245282,-84.5021958913708
0,0.4610780796299536,0.3902695350233303,0.36490330548257227,-44.65407516996698,-44.28917186448441,-44.28917186448441
0,-0.938491812368024,-0.5021764100561145,1.1329480286986653,-41.23089744122765,-40.09794941252898,-79.82747765210746
0,-0.6150026893850573,0.2265014753678021,0.42953122629464435,-43.82482665957556,-43.395295433280914,-86.62617359597402
0,0.8187742272068184,-0.5735069903992454,0.9993015031749227,-40.54928581530654,-39.54998431213162,-39.54998431213162
0,0.00646397906077123,0.8945391286979552,0.8002420357969949,-43.19440297275815,-42.39416093696115,-42.39416093696115
0,0.3093550294033858,-0.009021562687147489,0.09578192281048781,-46.96041108345224,-46.864629160641755,-46.864629160641755
0,-0.12506780456776756,0.6228218406987367,0.40354900099076385,-45.17833454113697,-44.774785540146205,-44.774785540146205
0,0.6366526457505113,0.31134376016159604,0.5022615283326874,-43.57534794577893,-43.07308641744624,-43.07308641744624
0,-0.6091391692714703,0.487534875554982,0.6087407824231487,-43.3014332337808,-42.69269245135765,-42.69269245135765
0,0.9509092989064782,-0.4704312230024834,1.1255340303224224,-40.40834002336581,-39.28280599304339,-39.28280599304339
0,0.459198338145818,0.5180419572239776,0.47923058320033046,-43.920977426405614,-43.44174684320528,-43.44174684320528
0,-0.41716656090174553,0.21931815599235374,0.22212839308247617,-45.633903804294846,-45.41177541121237,-90.09916573415498
0,0.4451997397843137,-0.5688115105269421,0.5217493428119622,-43.88947992203108,-43.36773057921911,-128.3333907405525
0,0.7202655867927874,0.6003703697168379,0.879227096351891,-40.96570327336562,-40.08647617701373,-40.08647617701373
0,-0.5363656429613772,-0.5630894032967755,0.6047577790544902,-43.11391189428964,-42.509154115235155,-42.509154115235155
0,0.10874170956243323,-0.6248701820912879,0.40228750386535983,-44.900006389246826,-44.49771888538147,-131.45998326781483
0,0.7841496384554016,0.22739400127173368,0.6665986873041063,-42.90052793268274,-42.23392924537863,-84.15175982791227
0,-0.011590212494001717,-0.6138474066540949,0.37694297168161384,-45.14048848882139,-44.763545517139775,-44.763545517139775
0,-0.15374329770377249,0.37584633154652125,0.1648974665258084,-46.60529170341616,-46.44039423689035,-46.44039423689035
0,0.4901356220753411,-0.09048114325723407,0.24841976531231771,-45.5069601794406,-45.25854041412828,-89.74193172438015
0,-0.650694245034702,-0.07427515753860003,0.4289197995486646,-43.88977756193209,-43.46085776238343,-43.46085776238343
0,0.20654875723618238,-0.9025960017115167,0.8573419314214277,-42.323038169299785,-41.465696237878355,-41.465696237878355
0,-0.004485543481516169,-0.8791851626409496,0.7729866703083176,-42.91628062894366,-42.14329395863534,-166.953854268981
0,0.25816598098435484,-0.3475249514584393,0.18742326562380487,-46.59202748108834,-46.40460421546453,-46.40460421546453
0,-0.8320671871466934,-0.0696031128967991,0.697180397251135,-42.699759992224145,-42.00257959497301,-42.00257959497301
0,-0.2970424717670821,0.47652876692745605,0.3153138957428995,-45.7402781237936,-45.424964228050705,-45.424964228050705
0,-0.28106001143224135,-0.38847491691260355,0.22990749109654585,-46.24615735090812,-46.01624985981157,-137.881357343773
0,0.08777773538342593,0.34661538796462876,0.12784715800291285,-47.03447295273891,-46.906625794735994,-46.906625794735994
0,0.294875614794785,0.23706242700330402,0.14315022249729928,-46.63033121425804,-46.487180991760745,-92.75529533220896
0,0.6269260997935049,-0.6383609693044789,0.8005410617336495,-41.748089472935675,-40.94754841120203,-161.81709395519633
0,-0.3453396016639728,-0.8766245545554477,0.8877300501269686,-41.88240110809501,-40.99467105796804,-162.04884330376117
0,-0.8365871613029255,0.3357786012472536,0.8126253475124494,-41.57871196829975,-40.7660866207873,-81.51868777154635
0,0.1523525858311065,-0.30404140507426625,0.11565248640895873,-47.19992108422562,-47.08426859781666,-93.64572797161904
0,-0.5398288268723765,0.587906466103423,0.6370491752086216,-43.448856898913675,-42.81180772370505,-42.81180772370505
0,0.9056027514579598,-0.08072819880373205,0.8266333855303222,-42.643827243847625,-41.8171938583173,-124.33571013435724
0,0.4894997094854199,-0.6742584982261525,0.6942344880164969,-42.69679947844432,-42.00256499042782,-123.61780925180065
0,-0.9840007178376748,-0.5594478510975645,1.281239310802742,-40.53487447862204,-39.2536351678193,-39.2536351678193
0,-0.6525983356809242,0.5536998049898774,0.7324680617793404,-42.50312636044235,-41.77065829866301,-82.87447360252867
0,-0.9210387055876299,0.5267075420357368,1.1257331320278643,-40.16901664054112,-39.04328350851326,-77.72663500683088
0,0.2628817801217511,-0.6609672443538785,0.5059845284287405,-44.12574443279764,-43.6197599043689,-86.20356040674503
0,-0.2409880342241133,-0.03684129507979783,0.05943251366235914,-47.00128355072788,-46.94185103706552,-46.94185103706552
0,-0.6811992611247382,-0.24577885825482726,0.5244396805219357,-43.818055554997784,-43.29361587447585,-43.29361587447585
0,-0.6896793432143185,-0.3324207953943059,0.5861611816671166,-43.60962667583075,-43.02346549416363,-43.02346549416363
0,-0.7388843666699162,0.24778640480141187,0.6073482097136123,-42.62217217582669,-42.01482396611308,-125.52400783403843
0,0.1294869066950733,-0.3349123393506943,0.12893313405481324,-47.093797793723915,-46.964864659669104,-139.09980531323276
0,-0.39005105882936025,0.45817309069480777,0.36206240953073765,-45.388657527800206,-45.02659511826947,-89.52040932369613
0,0.5709970970061852,-0.19858051422329587,0.36547190541867947,-44.710168522512305,-44.344696617093625,-88.24295996964287
0,0.14435261311537367,-0.22662112860449699,0.07219481284321272,-47.53425200454295,-47.462057191699735,-141.52785364102357
0,0.9984243106794908,0.05092803741724805,0.999444769150989,-42.01267248098985,-41.01322771183886,-41.01322771183886
0,-0.9730671959370556,-0.1795174398709325,0.9790862790266179,-42.08007283865636,-41.100986559629746,-41.100986559629746
0,0.10371386177418689,0.3258072051475398,0.11690690005016623,-47.11434123493002,-46.997434334879856,-93.44845509674482
0,-0.7787589252482596,0.006046286381584762,0.6065020212328326,-42.84614658942469,-42.239644568191856,-167.03720160072498
0,0.8080599965278175,-0.6315886333133105,1.0518651597191118,-40.257418331903565,-39.20555317218445,-39.20555317218445
0,0.39984424535160734,0.5297476437750914,0.4405079866260575,-44.33709442837563,-43.89658644174957,-43.89658644174957
0,-0.5435668923474137,-0.5982330840917978,0.6533477893582089,-42.71141303287672,-42.05806524351851,-42.05806524351851
0,0.39437879109910073,-0.6497259787435081,0.5776784783229977,-43.57184953126059,-42.994171052937595,-85.89002051540146
0,0.370277019960654,-0.61838241096814,0.5195018777057121,-43.985300726822885,-43.46579884911717,-43.46579884911717
0,0.35692374210467426,0.2557504007236835,0.1928028251483287,-46.10457441063296,-45.91177158548463,-45.91177158548463
0,-0.5351500843588384,-0.6886792135104296,0.7606646719106157,-41.88603503739678,-41.12537036548616,-123.04949586054789
0,-0.7996403092638854,-0.29337126344250136,0.7254913224134918,-42.94710512773564,-42.22161380532215,-84.37065901472218
0,0.9570981304362405,-0.7219933032614643,1.4373111612389475,-38.701720018559485,-37.26440885732054,-37.26440885732054
0,0.39151217578050523,0.10227681379263627,0.16374233042395883,-46.21103661748396,-46.047294287060005,-91.15209348595948
0,-0.11838106050728162,0.26399759992616484,0.08370880825360406,-47.06762159476041,-46.98391278650681,-93.76365872209948
0,-0.41831264389024075,-0.21641733522500822,0.22182193102433695,-45.999989237867126,-45.77816730684279,-181.62742577331602
0,0.48400576435606757,-0.8000695060449874,0.8743727944329713,-41.78870857556717,-40.9143357811342,-40.9143357811342
0,0.2851508009145589,0.9554471811720215,0.9941902952717762,-42.04596138706854,-41.05177109179676,-41.05177109179676
0,-0.28169944145862386,-0.425029767717122,0.2600048787637713,-46.0030072499769,-45.74300237121313,-135.37640790519444
0,-0.6808335587589008,0.0518025753732478,0.4662178415476107,-43.426098399154604,-42.95988055760699,-85.74231286643777
0,-0.6898142218157617,0.5256517472073243,0.7521534199613976,-42.234327614356,-41.4821741943946,-122.70667971941779
0,-0.9165400508278245,-0.751498042576227,1.4047949727673719,-39.290666328549484,-37.885871355782115,-37.885871355782115
0,-0.43564508136795344,-0.06958874626053864,0.1946292305262044,-45.73967216276902,-45.545042932242815,-90.95338732748252
0,0.5798197953128817,-0.9556547993886063,1.2494670906311496,-40.002526477868095,-38.753059387236945,-77.45160967372107
0,0.6935130074205191,-0.13443308226520337,0.499032545068776,-43.89729173278401,-43.39825918771523,-169.47164796200258
0,-0.8904454331317679,0.11392636028208769,0.8058722849523459,-42.0762351599623,-41.27036287500996,-41.27036287500996
0,0.8935314568449433,0.15155196006751703,0.821366460971753,-42.49747291120717,-41.676106450235416,-41.676106450235416
0,0.598899736363999,-0.007146792323411644,0.3587319708573814,-44.680539756164436,-44.32180778530705,-44.32180778530705
0,0.5116835684754515,0.522431581843394,0.5347548319551629,-43.42953959667798,-42.894784764722814,-42.894784764722814
0,0.05504544034008694,-0.04497799391965765,0.005053020439270831,-47.96436420405854,-47.95931118361927,-143.57677098950523
0,-0.07327719125317933,-0.9745167566299358,0.9550524557104844,-42.18928945289747,-41.23423699718698,-41.23423699718698
0,-0.5450238124021418,-0.27139520513032167,0.37070631345309446,-44.912646294065446,-44.541939980612355,-44.541939980612355
0,0.10706025186312867,-0.1709150522808681,0.04067385262516842,-47.76975621628323,-47.72908236365806,-95.1996416941073
0,0.2512349694713667,-0.6574958814532583,0.4954198440132757,-44.20068568484445,-43.705265840831174,-43.705265840831174
0,-0.09294047466698707,-0.03242226239317625,0.009689134930016836,-47.67405144512035,-47.664362310190334,-47.664362310190334
0,0.3597271262094398,0.13019114840126186,0.14635334045294163,-46.42076656269124,-46.2744132222383,-92.36350971523703
0,-0.3488240879480643,-0.1378645755870316,0.14068488553459124,-46.477612693423325,-46.336927807888735,-92.57867402882201
0,-0.18837432688916728,-0.8509481029288789,0.7595975609092047,-42.90740105751726,-42.147803496608056,-83.89689948108034
0,0.9102030359042534,0.759006927263443,1.404561082203213,-38.40110090600338,-36.99653982380016,-72.98971778857572
0,0.5697629155227766,0.7448755429581531,0.879469354402218,-41.485523750328795,-40.60605439592658,-40.60605439592658
0,-0.23396752792114017,0.2611086536344165,0.12291853312430717,-46.636587524907775,-46.51366899178347,-46.51366899178347
0,-0.4825997839131797,0.3238778661959838,0.3377994236447113,-45.05831870891516,-44.72051928527045,-175.44346309334324
0,-0.35692771922465427,0.14953375706724858,0.14975774125356056,-46.06745647629887,-45.91769873504531,-45.91769873504531
0,-0.1370812176252727,0.5199704979905513,0.28916057900616926,-45.89244538415739,-45.60328480515122,-45.60328480515122
0,-0.0485804405759831,0.8579104637925632,0.7383704230913275,-43.432509669013506,-42.69413924592218,-42.69413924592218
0,0.616131354037667,-0.17074740726454196,0.4087725225158523,-44.39651032378467,-43.987737801268814,-87.49445664692979
0,0.4633240903487286,0.10430458130158407,0.2255486583779756,-45.62269807742161,-45.397149419043636,-135.45130552173703
0,-0.4009108836014209,0.7110294144391374,0.6662923647877346,-43.474762101024794,-42.80846973623706,-84.55978321760136
0,-0.023576857712134913,0.5345859644315409,0.286338021586779,-45.92814041503067,-45.64180239344389,-45.64180239344389
0,-0.7234016993057323,0.9040737385842232,1.3406593433560756,-39.621256679390946,-38.28059733603487,-76.21938748385762
0,-0.8899832651959276,0.39973252481589894,0.951856303724498,-40.94345076455719,-39.991594460832694,-39.991594460832694
0,-0.48226602970874116,-0.5183493365378314,0.5012665581002425,-43.945102393160425,-43.443835835060185,-168.29145942382775
0,-0.6833814233658952,-0.05938924218110242,0.4705372518884426,-43.604332936110396,-43.13379568422195,-43.13379568422195
0,-0.6346631379928462,-0.7217899021640783,0.9237779615929564,-40.926854287834345,-40.00307632624139,-40.00307632624139
0,0.514264662123086,0.9801874226189644,1.22523552616898,-40.442605464882185,-39.217369938713205,-39.217369938713205
0,0.7026954233465317,-0.3453088203570045,0.6130190394085073,-42.98896643295241,-42.3759473935439,-42.3759473935439
0,-0.4872733467006011,-0.025242990618500574,0.23807252298016987,-45.2299455184583,-44.99187299547813,-176.09094017401713
0,-0.7093574077021668,0.3950476185742406,0.6592505528031167,-42.51833979540315,-41.859089242600035,-164.48593600034604
0,0.00774116299331036,0.009645336279247518,0.00015295811642876617,-47.9120434374152,-47.91189047929877,-143.59217480500132
0,-0.36494400021195883,-0.6611979822208707,0.570366894983657,-43.44020498861484,-42.86983809363118,-42.86983809363118
0,-0.29275884415308706,-0.6520266559924746,0.5108465009545803,-44.009711724034595,-43.49886522308002,-43.49886522308002
0,0.28623851615380036,0.6909034263553899,0.5592800326795471,-43.965258232514515,-43.40597819983497,-43.40597819983497
0,-0.11061608127162631,-0.1483971567007856,0.03425763355276855,-47.62923341753172,-47.59497578397895,-95.04704572962835
0,-0.3951553291982063,0.2822696943554167,0.23582391454524315,-45.77214141304649,-45.53631749850125,-134.60976882213558
0,-0.19363485516421597,0.4504639504160848,0.24041222775893178,-46.177618293504445,-45.937206065745514,-45.937206065745514
0,-0.8848786327295073,0.5300389789509306,1.063951513868587,-40.40388574363831,-39.339934229769725,-39.339934229769725
0,-0.692125472653055,-0.8548267369072827,1.2097664200267677,-39.560599850140235,-38.35083343011347,-75.88598432200794
0,0.0005355557416699026,0.2404133418664091,0.057798861767327334,-47.45338382137762,-47.3955849596103,-141.07653212117853
0,0.017033081202875815,-0.46246008973137537,0.2141594604496155,-46.3781381945435,-46.16397873409389,-182.87378354629902
0,0.6386823665372933,0.3018576644856986,0.49903321493443803,-43.60888283641093,-43.10984962147649,-170.99049897311633
0,-0.9306124652284103,0.40052724074745627,1.02646163101927,-40.698464328437275,-39.67200269741801,-79.25031371673865
0,0.620747471925089,0.4214077352876555,0.5629119032616599,-43.06451039938646,-42.5015984961248,-42.5015984961248
0,-0.21742314046293837,-0.6674914244682578,0.4928176237474306,-44.2740040054612,-43.78118638171377,-87.30136607088093
0,0.5421953275112392,0.4487094535101066,0.4953159468443584,-43.60769741708899,-43.112381470244635,-43.112381470244635
0,-0.1480328650300471,0.6963645733438244,0.5068373481373307,-44.55047922657183,-44.0436418784345,-44.0436418784345
0,0.10266809091676188,-0.9031115476323666,0.8261512043594208,-42.57697771931082,-41.7508265149514,-41.7508265149514
0,-0.6532828925145833,0.11276286815774736,0.4394940020873821,-43.56805880819869,-43.128564806111314,-127.8738411384173
0,-0.617506299980517,0.17689326160156282,0.41260525651566715,-43.83507923913984,-43.42247398262417,-43.42247398262417
0,0.777579926455689,-0.5418012033208283,0.8981790859467321,-41.06617647241855,-40.16799738647182,-119.88163301471292
0,0.8478443231810211,0.6258706369763696,1.1105540505794904,-39.72503621859555,-38.61448216801606,-76.6513112848217
0,0.6319438774615138,-1,1.3993530642610927,-39.27145181585938,-37.87209875159829,-75.1796473505081
0,-0.49301418276857323,-0.40443906151254394,0.40663393888811145,-44.78670325307213,-44.38006931418402,-44.38006931418402
0,-0.35863518766258484,0.9341120300924091,1.001184482593139,-41.765853994713034,-40.764669512119895,-40.764669512119895
0,0.00373777210135724,-0.06518869576338099,0.0042635369956123305,-47.92639875270175,-47.922135215706135,-191.382756627967
0,0.7340051606302213,0.635430756539824,0.9425358221885699,-40.61309387975796,-39.670558057569394,-155.39216509107936
0,0.1360198951980331,0.27715522661222547,0.09531643152815795,-47.26495008639567,-47.16963365486751,-186.98919404763595
0,-0.20551084726403945,-0.06430348526508967,0.04636964656042096,-47.22245295381735,-47.17608330725693,-47.17608330725693
0,0.6044930355618714,0.01380847848757795,0.3656025041209478,-44.63658287098008,-44.27098036685913,-87.66490593582762
0,0.27811822883593706,0.448312432303674,0.27833378616887494,-45.71775407660188,-45.439420290433006,-134.1296961179062
0,0.06792460907513383,-0.3862717353831691,0.15381960607393477,-46.88016974306259,-46.72635013698865,-138.4245295869434
0,-0.22465375510335428,-0.8189711672945668,0.7211830825418631,-43.00226240352067,-42.281079320978805,-84.32215907470787
0,0.015250652972294096,0.17696042190356137,0.03154757333636779,-47.658896893070846,-47.62734931973448,-142.32991697802703
0,-0.7073986558445957,-0.12081246268145107,0.5150085094298978,-43.53196820358893,-43.016959694159034,-86.01046865968837
0,0.3936747030396399,-0.15376362018994202,0.17862302270726543,-46.27291660631305,-46.09429358360579,-181.0115556670383
0,0.4964985435362881,-0.14638745706453093,0.26794009131947527,-45.418946194565706,-45.15100610324623,-45.15100610324623
0,0.6449349922886112,-0.8829783397615696,1.1955918927664086,-40.00251802779567,-38.80692613502926,-75.96796489668881
0,0.5845382302036259,-0.5905395654508448,0.6904219209324598,-42.488805585505276,-41.79838366457282,-83.11862004935429
0,-0.7623730274756318,-0.6346241550909907,0.9839604512473143,-41.08242077983464,-40.09846032858733,-118.20789750575614
0,-0.2930638178577534,0.788481501981992,0.7075894803051405,-43.308907327098844,-42.601317846793705,-42.601317846793705
0,0.5439361820546167,0.13997528971490647,0.3154596518789251,-44.92830745115373,-44.6128477992748,-44.6128477992748
0,0.011514656921824138,-0.29052207923329076,0.08453566584606179,-47.43922332286974,-47.35468765702368,-186.28413629131398
0,-0.12934891533259102,0.41910596881270906,0.19238095499215727,-46.474929716640425,-46.282548761648265,-92.36627228463024
0,-0.009902968605223883,0.7313710145249213,0.5350016296744087,-44.44145047931762,-43.90644884964321,-43.90644884964321
0,-0.8989325323628434,-0.19155030735480727,0.8447712179879957,-42.460435503370995,-41.615664285383,-83.22269045518516
0,-0.6157793095194031,0.03215982040197254,0.3802184120804799,-43.9984813521575,-43.61826294007702,-87.21836372827036
0,0.29183070346282114,0.8972151423164711,0.8901601710855707,-42.433232802089634,-41.543072631004065,-41.543072631004065
0,-0.72306672800281,-0.19471644636312835,0.5607399876289747,-43.50158805121981,-42.940848063590835,-127.8728294640512
0,0.2754341017032425,0.2980884052967094,0.1647206417534074,-46.52543300652671,-46.360712364773306,-92.01159545435479
0,0.8437358073137761,-0.23123171974145648,0.765358220758021,-42.54935876797093,-41.784000547212905,-123.56801991555236
0,0.6579351396822637,-0.4950513322678266,0.67795446960887,-42.4483563719893,-41.77040190238043,-163.97645769604333
0,0.8559056013412236,-0.4831286456599746,0.965987686664523,-40.90342178416029,-39.93743409749576,-39.93743409749576
0,0.1306820819571013,0.016910792651634088,0.0173637814527491,-47.8674449758683,-47.85008119441555,-47.85008119441555
0,-0.10969681073680326,0.27853733529681723,0.08961643744007762,-47.05564439966767,-46.96602796222759,-46.96602796222759
0,-0.5992526527711006,0.3155261531588083,0.4586604951803971,-43.90096375307265,-43.442303257892256,-43.442303257892256
0,-1,0.28712882081887253,1.0824429597448362,-40.93846910241504,-39.8560261426702,-79.61850360198517
0,0.38341623069807357,0.4833661310804939,0.38065082263844363,-44.759918659980656,-44.37926783734221,-130.54671753550568
0,0.12973989586589224,-0.8210171093167723,0.6909015343701614,-43.158752333504694,-42.46785079913453,-165.45806127816306
0,-0.7133710082814411,0.20476082478130686,0.5508251908216009,-42.92528670597657,-42.37446151515497,-42.37446151515497
0,-0.14439461528011566,-0.3112985092544238,0.1177565667859192,-47.137211554938034,-47.01945498815211,-47.01945498815211
0,-0.8223592739038755,0.4293477810407983,0.8606142924603666,-41.31008656903249,-40.44947227657212,-79.87340749629216
0,-0.5250599906569129,-0.12941036946790407,0.2924350375144569,-45.071361350184326,-44.77892631266987,-44.77892631266987
0,0.7376684715897596,0.523612586042022,0.8183249142391859,-41.33137969113109,-40.513054776891906,-159.7350518572493
0,-0.8637021176195894,-0.6352937429338665,1.1495794877914847,-40.60754601336022,-39.457966525568736,-39.457966525568736
0,0.49730928600279756,0.8318680817469201,0.9393210313739128,-41.54774007046929,-40.608419039095374,-80.16483161974543
0,0.6386995223845445,0.9090708578604115,1.2343469045053097,-39.899970057322406,-38.6656231528171,-77.05714380891524
0,0.2503405022657301,0.5223087424111621,0.3354767894737877,-45.39513199813937,-45.05965520866558,-45.05965520866558
0,-0.7009840166527818,-0.4815907973646689,0.723308287709005,-42.73834149383881,-42.01503320612981,-125.32630195813576
0,0.08980001897166065,0.618216481658154,0.39025566160109726,-45.25087266849227,-44.860617006891175,-88.62852325899394
0,-0.22772813957949278,-0.46788813964473963,0.2707794167765523,-45.92414013304441,-45.653360716267855,-45.653360716267855
0,0.6023989340137585,0.26880779004063854,0.43514210368744466,-44.06045061968004,-43.62530851599259,-86.77788486862828
0,0.7940171211551839,0.4384050963114433,0.8226622171594118,-41.48585729345665,-40.663195076297235,-159.64900230837137
0,-0.09558136647637427,0.255067412135054,0.07419518235076446,-47.16645445357882,-47.09225927122806,-47.09225927122806
0,0.6151460343422218,0.16178601626303976,0.40457935862522654,-44.347683490534635,-43.94310413190941,-129.641487638176
0,-0.17746218387490653,-0.5036619276876645,0.2851681641077053,-45.8202407865859,-45.5350726224782,-90.29557295514458
0,-0.06819819858532927,0.9109969475738565,0.834566432779168,-42.99770247031048,-42.16313603753131,-83.77684737975133
0,0.14471272810611868,-0.11354991008988607,0.03383535575733664,-47.783408624559634,-47.749573268802294,-142.5561434461424
0,-0.28616522882791173,0.9057759782241022,0.9023206609179604,-42.347029138060435,-41.44470847714248,-41.44470847714248
0,0.49272638933191804,-0.12589601844659917,0.2586291022047753,-45.46731053090226,-45.20868142869749,-89.69897806701876
0,-0.09595749604338988,-0.47212777612474777,0.23211247803541712,-46.24780515602205,-46.015692677986635,-180.53163327991356
0,-0.8277458642401865,-0.9678977966520002,1.62198936053053,-37.933664812547256,-36.31167545201673,-36.31167545201673
0,0.7310948214970261,-0.46094474898778803,0.7469696996391834,-42.00347773587268,-41.2565080362335,-41.2565080362335
0,-0.03050054358266649,0.8095969044785686,0.6563774309001187,-43.821777111926174,-43.16539968102605,-127.23983755954356
0,-0.4264894358511757,-0.16598350695680697,0.20944376347433452,-45.935554870348575,-45.72611110687424,-45.72611110687424
0,0.34865478855198123,0.8359573433947635,0.8203848415558572,-42.549661384284384,-41.72927654272853,-82.98519072482594
0,0.7999188255858325,0.7845280188055477,1.2553543398175753,-39.142168203371874,-37.8868138635543,-37.8868138635543
0,-0.3363500453199974,0.9384538209338101,0.9938269270120321,-41.84461962925539,-40.85079270224336,-81.69200635880401
0,0.025805418149875407,0.553736460408539,0.30728998719166734,-45.797305804130445,-45.49001581693878,-134.4397136449705
0,-0.5768652333513741,0.8275415220336997,1.0175984681393875,-41.27893512778005,-40.26133665964066,-80.00674180367909
0,-0.6917969726546144,0.3329212025967371,0.5894195785125469,-42.875948319862495,-42.28652874134995,-125.99262466698366
0,-0.2992812167321001,-0.4494343899608765,0.2915605175681515,-45.73708203389313,-45.44552151632498,-90.7579193734496
0,0.8032161775330374,-0.5758550962499782,0.9767653197278555,-40.646337241877546,-39.66957192214969,-78.6610408251508
0,-0.7095155880736919,-0.08504727135539558,0.5106454080845552,-43.457546966031515,-42.94690155794696,-42.94690155794696
0,-0.7613527727414922,0.43549706859828596,0.7693157413188584,-41.84210756018934,-41.072791818870485,-41.072791818870485
0,0.7430742628036351,-0.3200560674654187,0.6545952463625944,-42.79690735575552,-42.142312109392925,-42.142312109392925
0,0.3036716297617844,-0.4281813967901259,0.2755557672793215,-45.87627605778376,-45.60072029050444,-177.44375848489284
0,0.3975567692899751,0.23228156484266504,0.21200611017403967,-45.860705012710646,-45.64869890253661,-45.64869890253661
0,-0.4788545054776136,-0.7350110798852371,0.7695429249702722,-41.89971867656837,-41.130175751598095,-121.42248427581447
0,0.8008653323881141,0.7840343773110223,1.256095185426607,-39.13666337795889,-37.88056819253228,-37.88056819253228
0,0.5914043951471728,0.5448437717152954,0.6466138941763422,-42.545770814525305,-41.899156920348965,-41.899156920348965
0,0.16611898170020664,-0.6420378238301598,0.43980808330968096,-44.61042595770904,-44.17061787439936,-173.2056007559221
0,0.35559409878025144,-0.13987944472191385,0.1460134221430502,-46.58528750839838,-46.43927408625533,-92.37357934826738
0,-0.3008378766372448,0.12473627046680735,0.10606256518957465,-46.43330324729163,-46.32724068210206,-46.32724068210206
0,0.0513641772793909,0.5274470311997856,0.28083864942905634,-45.969859198990335,-45.68902054956128,-135.80348601951954
0,0.8758652783423915,0.3980540513348081,0.925587013589849,-41.21110204091802,-40.285515027328174,-40.285515027328174
0,0.8367952075700864,0.8502375077474618,1.4231300389928792,-38.463507338543884,-37.040377299551004,-37.040377299551004
0,-0.05190787709409554,0.24874899321702096,0.06457048933089726,-47.313285082856396,-47.2487145935255,-94.12340906480235
0,-0.6216430888519751,0.20770742864556824,0.4295825058319784,-43.77295659303493,-43.343374087202946,-43.343374087202946
0,-0.1888665179855832,-0.47413692133630536,0.26047638179026844,-46.01552042841063,-45.75504404662036,-90.61177237025288
0,0.5328832964910827,0.3193947741504885,0.38597762943384467,-44.39906351042764,-44.01308588099379,-128.9146932525389
0,0.4118434023802293,-0.9075858471412328,0.9933270580151926,-41.45312710111361,-40.45980004309842,-40.45980004309842
0,-0.8530711254500221,0.43196560465062683,0.9143246286777489,-41.056431101029006,-40.14210647235126,-40.14210647235126
0,0.9863211687260843,0.7805865219144303,1.5821447660716563,-37.71172686220827,-36.129582096136616,-142.43963920853037
0,-0.03553154307533324,-0.12558565087928159,0.01703424626008706,-47.83229653927785,-47.81526229301776,-95.40287344691959
0,0.8337870828210641,-0.9497330683970142,1.5971938006860675,-38.035878633920454,-36.43868483323439,-36.43868483323439
0,0.6292625538666925,-0.6331184678888407,0.7968103560807451,-41.76243610428057,-40.96562574819982,-81.48709083486193
0,0.13349964456047697,-0.6742821641898435,0.4724785920423128,-44.40438959638128,-43.931911004338964,-87.28894345664962
0,0.41734510789416857,0.49324453088994424,0.41746710633603634,-44.42741688144066,-44.00994977510462,-44.00994977510462
0,0.8839158177413713,-0.2783620147801702,0.8587925841258728,-42.05119676835164,-41.192404184225765,-41.192404184225765
0,-0.6104647259627717,-0.7804222004606894,0.9817259926167065,-40.58613181566764,-39.60440582305093,-157.0007117513598
0,0.028167913911264275,-0.0026478061697030597,0.0008004422516247131,-47.94494937032894,-47.94414892807732,-47.94414892807732
0,-0.5625167488099665,0.2850488087863258,0.3976779160822383,-44.3194335355323,-43.92175561945006,-131.69223105341175
0,-0.11286259893872579,-0.07913134856914868,0.018999736565575777,-47.63105012195683,-47.61205038539126,-94.79741842928178
0,-0.5896790533782668,0.5604414558986519,0.6618160114828894,-43.13378166585322,-42.47196565437033,-84.29224331973265
0,0.323492488690883,0.2995871392413585,0.1943998442382422,-46.186478155919524,-45.99207831168128,-45.99207831168128
0,0.6857163100397322,-0.9311148919359242,1.337181799839354,-39.35414270613472,-38.01696090629537,-75.26977746894138
0,0.4530349257589077,-0.920869469241054,1.0532412233376793,-41.119750132754604,-40.066508909416925,-40.066508909416925
0,-0.9249832212827858,0.5377221684935425,1.1447390901440766,-40.0949598802968,-38.95022079015272,-38.95022079015272
0,-0.6137990882447917,-0.35670712819584094,0.5039892960358616,-44.10083229801972,-43.596843001983856,-43.596843001983856
0,0.030582169472565045,-0.38834467694211555,0.15174685719892478,-46.89527885130555,-46.743531994106625,-92.80233559130232
0,-0.36746448874044324,0.5928311469889158,0.48647891932546883,-44.666803247464614,-44.18032432813914,-87.55267903275886
0,0.09502213435446226,0.21542355007836866,0.05543651194564489,-47.56746273183426,-47.51202621988862,-94.84503186578812
0,0.8024964884265087,-0.2626410776331687,0.7129809495971897,-42.66856418496814,-41.95558323537095,-41.95558323537095
0,0.3415440743945859,-0.03251995463589903,0.11770990220357536,-46.72399642748904,-46.60628652528547,-183.8737602957377
0,0.5881114008670639,-0.41149263591484925,0.5152012092419711,-43.68687987310022,-43.171678663858245,-85.56489306008419
0,0.3468122031999437,0.3593483071008309,0.2494099101046321,-45.73768786225341,-45.48827795214878,-90.71290260964999
0,0.11082472319382117,0.5305853525038938,0.2938029355626684,-45.862252024914426,-45.56844908935176,-90.98994595851555
